"cannot, warn",atmosphere,give,prevent,sharp,butter,center,wonderful,public,whale,length,worried,design,swimming,think,except,depend,passage,seen,tide,constantly,nice,spread,easy,order,satellites,simplest,surrounded,eh
food,careful,this,among,running,earn,cave,football,pick,couple,ready,current,cake,between,again,noun,gave,cattle,region,importance,parent,simply,can,cave,fifteen,hit,giving,"leather,held",eh
paragraph,tip,or,motion,upward,wash,pleasant,useful,safe,certain,package,open,typical,military,shout,open,let,coming,complete,particularly,carry,running,written,noun,pot,religious,concerned,pound,seeing
spell,upon,compass,begun,had,everyone,is,wool,greater,process,doubt,prepare,take,great,temperature,likely,enough,left,copper,perhaps,upon,birth,depth,smell,exact,biggest,helpful,wolf,proud
phrase,are,bend,bus,cent,consist,snow,immediately,trap,else,finish,train,collect,breeze,office,owner,fair,feel,hidden,vertical,bat,riding,principal,road,do,important,field,situation,ten
trap,basic,throw,tune,will,lips,sea,glad,mix,author,pretty,creature,ago,itself,angle,quiet,cent,ate,hay,magnet,rapidly,want,broad,fence,material,magnet,author,gun,spend
simple,coat,immediately,bread,larger,threw,west,think,difficulty,serious,neighborhood,wagon,can,spread,planet,next,congress,story,those,meant,stared,chemical,judge,swept,hour,collect,least,heard,stronger
bill,captured,should,fierce,take,her,run,damage,won,forward,duty,freedom,early,fuel,action,protection,charge,union,believed,per,prove,rocket,couple,minute,father,vapor,coffee,speed,idea
writer,stairs,bark,tobacco,respect,play,star,needle,dropped,health,drive,exactly,soap,climb,brave,larger,exercise,wagon,hole,again,stared,summer,palace,unknown,discuss,movement,whose,tone,tent
slept,grade,cookies,compound,everyone,mind,south,desert,dot,area,heat,winter,travel,stood,wealth,ancient,excitement,speed,change,pool,beautiful,table,art,religious,week,together,indeed,depth,browserling
live,cutting,husband,special,that,complex,clean,character,bring,alone,tired,faster,small,band,tool,library,everyone,seems,beauty,passage,outer,vertical,smallest,your,town,laid,lovely,potatoes,stuck
education,twelve,born,constantly,cannot,pilot,most,mood,enemy,till,sit,force,bend,car,her,broke,above,practice,mouth,buffalo,troops,effort,stairs,equally,idea,peace,fed,bite,broken
variety,root,century,write,serve,advice,introduced,according,football,individual,send,health,firm,definition,plenty,matter,far,local,announced,food,alike,total,climate,mainly,is,disease,pilot,cent,minerals
low,heavy,child,principle,faster,said,floor,nails,highest,flat,coal,due,walk,putting,pictured,reason,property,door,jungle,wide,anyone,purple,better,cross,lower,keep,fought,writing,ground
worse,development,brother,three,afternoon,frame,pot,who,related,mean,planet,complete,coffee,curve,national,nothing,coach,doctor,ice,ear,depth,forward,thick,large,machinery,sun,thing,tent,snake
plus,first,told,cup,sink,furniture,fact,badly,stone,fine,composed,year,wagon,beat,dream,sets,hot,measure,corn,younger,jack,softly,herself,slightly,tune,liquid,changing,needle,plant
wind,protection,ill,slope,is,headed,negative,region,still,image,car,are,river,without,planning,husband,mice,sad,volume,you,wise,curve,there,rear,almost,bow,suit,tea,women
girl,every,forget,as,package,stop,indicate,sat,everything,cook,cloth,disease,chance,question,tone,toy,check,afternoon,tears,case,location,driving,man,education,southern,slightly,very,death,silent
hearing,join,word,space,stock,tide,light,becoming,complex,monkey,alphabet,upon,spider,from,beneath,maybe,personal,ground,lose,mathematics,warn,warm,roof,suit,river,total,quietly,your,market
pick,plant,near,arrow,cool,spend,picture,third,middle,choose,along,sitting,prove,thin,faster,differ,fresh,sink,deer,gather,certain,you,chart,least,through,purpose,spoken,arrow,burst
bowl,private,think,name,perhaps,combination,teeth,calm,noise,tongue,market,chosen,model,idea,fully,cast,use,strength,highest,shape,box,combination,column,torn,string,thus,truck,base,five
upon,successful,leg,women,soap,rocket,snow,gravity,flight,orbit,help,shout,until,once,car,brain,military,independent,worried,block,equipment,down,you,language,job,bark,dear,near,appearance
whispered,task,wheel,leaf,vertical,effect,powder,simply,corner,mile,changing,period,road,chemical,pink,giving,deal,ancient,region,effect,finger,dropped,pool,like,pony,being,passage,unusual,wear
spoken,nodded,phrase,teeth,waste,yesterday,track,activity,author,terrible,leave,former,clean,breeze,scientific,through,prove,speech,cup,ground,setting,available,extra,main,manner,possibly,case,purple,gun
land,yesterday,go,outer,police,guess,myself,welcome,coal,trick,bridge,classroom,harder,globe,steam,office,partly,strange,main,corner,arrangement,around,skin,shelter,least,voice,certain,plain,numeral
silent,village,never,dollar,daughter,necessary,wonderful,pleasure,mix,diagram,post,powder,action,belong,cabin,deep,plan,article,pressure,climb,examine,bow,thick,basket,kitchen,contain,food,officer,greatly
motion,ordinary,cutting,properly,third,condition,just,allow,scared,deer,bad,sort,attention,bottom,important,salt,wolf,fish,influence,trade,chest,slept,human,any,musical,bag,promised,edge,machine
aware,wait,attention,plan,distant,future,slowly,stone,find,dance,shore,would,speech,slip,lead,sky,animal,hunt,onto,strength,everywhere,else,noon,structure,sit,needed,band,brother,aware
forest,fear,real,back,daughter,gentle,society,wool,fair,native,worried,pine,take,hunt,coffee,tightly,sheep,spring,no,combination,yes,boat,bent,grown,pot,cave,image,zero,cup
hill,mind,lying,tower,row,airplane,gentle,melted,also,vertical,flight,discover,silent,easy,share,gently,muscle,forget,lake,hearing,actually,experience,represent,airplane,period,believed,slightly,better,hole
softly,society,buried,experiment,perhaps,fastened,physical,constantly,easier,teach,flag,rope,myself,party,speak,army,upward,ancient,warm,certain,order,made,oldest,given,way,taught,pound,about,realize
think,grow,cabin,tribe,egg,vowel,herd,characteristic,plane,single,stop,depth,brass,deeply,opportunity,coal,adjective,equator,present,particular,accident,under,spring,term,strip,you,ice,outside,easy
lucky,baseball,pupil,later,pour,both,variety,begun,there,exact,barn,lift,ate,lying,type,made,spent,higher,press,bare,except,speed,gave,went,separate,leave,wheel,cloud,cool
operation,impossible,feet,behavior,copy,bowl,division,scene,wheel,strange,flame,labor,silent,field,reader,tight,pure,twice,fence,smoke,shut,other,practical,known,frame,solution,without,wrote,hope
above,prize,theory,usually,me,closely,shout,force,note,pan,suit,dozen,stone,butter,coast,enemy,positive,layers,older,like,daily,low,material,taught,whale,seen,pot,form,hand
compass,frequently,prevent,shorter,die,bright,tea,smallest,hit,neighborhood,exciting,danger,whom,cowboy,she,ever,while,phrase,pride,laugh,fierce,stretch,single,plates,age,applied,monkey,whom,famous
right,clear,lungs,lamp,mood,basket,officer,speech,nature,fair,held,property,stage,dark,line,toy,furniture,him,whatever,anything,bush,center,habit,visit,farther,merely,effort,anywhere,fought
double,bell,mood,verb,ancient,actual,die,get,beat,sleep,rule,chart,skin,protection,section,wild,discovery,call,fog,rocky,shall,careful,mass,house,fog,bill,safety,leaving,merely
club,opinion,movie,grew,certain,send,property,connected,nest,observe,quietly,crowd,monkey,duty,numeral,feed,body,under,yesterday,bush,written,yellow,riding,direct,engine,collect,surprise,parallel,press
sudden,pay,variety,case,cave,frequently,nuts,first,wild,wire,social,poetry,cold,truth,dawn,grow,see,bar,build,pig,dull,discussion,cave,refer,poetry,among,silent,doll,frozen
level,who,grown,pen,cell,fill,wagon,breathing,close,inch,no,lack,active,task,pleasure,caught,sides,heat,fast,deeply,voice,glad,second,stronger,taste,honor,subject,airplane,increase
guess,compound,pull,plural,greater,usual,suppose,advice,news,toy,official,steel,just,blank,perhaps,outer,continent,chemical,same,grow,cloud,flower,gun,experience,north,last,clearly,score,join
closer,rise,company,grain,terrible,buried,which,breathe,label,scientific,doubt,active,duck,sugar,claws,actually,it,able,simple,across,section,child,ate,smoke,cage,available,stove,hat,provide
rear,page,steady,white,hurry,who,instead,carefully,able,provide,measure,weigh,practical,probably,quietly,society,obtain,excellent,cast,war,keep,shinning,tax,chair,position,frozen,stretch,stiff,love
sound,clear,ground,guess,term,led,forth,track,lost,copper,shine,worried,education,parts,dear,gave,knowledge,practical,goose,musical,mind,current,blow,crowd,judge,understanding,swim,single,closely
importance,another,spite,television,complex,shake,position,apartment,number,round,eight,browserling,development,nice,clearly,box,wonder,tears,teach,brave,practical,require,hunt,curve,mile,circus,second,everybody,experiment
press,toward,him,fairly,being,arrive,brown,four,physical,giving,move,harbor,relationship,wet,sight,white,laugh,carry,safety,rice,crew,rule,knowledge,grown,afternoon,sleep,only,level,driving
ate,describe,brother,please,cake,teacher,claws,entirely,pure,beside,save,lovely,pick,negative,vapor,atmosphere,bowl,planning,compound,desk,curve,so,all,family,bent,supply,coat,scientist,dream
poetry,send,mighty,long,prize,rays,railroad,bare,crew,interior,he,busy,eight,jungle,active,particularly,outer,cotton,special,suppose,pull,teach,moon,ocean,speech,good,case,these,heart
master,surprise,sat,be,everyone,use,map,pond,mother,regular,shoulder,machine,tribe,bark,southern,careful,bear,circus,will,can,seems,himself,along,social,boy,major,dust,current,use
fine,nervous,ice,fed,am,needed,enter,improve,center,spell,mirror,buy,library,anyone,tax,kill,pool,goes,printed,firm,once,parts,interest,inside,bell,not,eight,eager,daily
board,cabin,earlier,organization,member,shoulder,border,ancient,manufacturing,unless,rhythm,table,place,rose,help,mother,held,worse,raw,lonely,possibly,old,explanation,basket,neck,health,difficult,share,does
composition,introduced,related,sum,actually,other,hunt,fear,choose,rise,refer,spring,warm,whale,against,when,alphabet,paid,wire,fine,species,strange,capital,soon,fifty,pay,hospital,strength,operation
metal,many,rocky,sign,tin,kept,plenty,naturally,careful,spirit,matter,mind,involved,alive,president,body,entirely,strip,car,type,worth,talk,could,split,driving,experiment,free,lesson,skin
harbor,wire,wet,dress,engineer,solar,private,ring,pet,tongue,composed,managed,half,film,stream,duck,desk,found,social,worried,product,beneath,every,rich,balance,upper,practical,protection,pay
now,rough,hour,knowledge,organized,use,lunch,accurate,tropical,paragraph,tape,grew,shelter,lovely,plural,label,fight,student,proper,population,line,shinning,slight,onto,highway,lift,combine,pencil,pack
these,real,although,occasionally,detail,indicate,triangle,twelve,express,position,folks,sheep,tried,storm,product,still,will,street,object,opinion,train,indeed,supply,hold,angle,wave,fine,gift,making
wagon,do,closer,who,personal,piece,social,attention,is,hardly,yesterday,flower,gravity,east,globe,across,led,solar,element,milk,would,basis,support,start,capital,bad,separate,any,partly
joined,position,wing,automobile,instead,friendly,exist,now,children,vowel,live,throw,so,hour,already,layers,when,go,pair,animal,dirt,command,perfect,attention,answer,ship,wood,college,pencil
drink,member,wood,body,wood,nest,secret,before,power,buy,body,though,share,court,glad,different,factory,think,aboard,together,follow,probably,through,sheet,five,young,dozen,certainly,electric
ready,nest,beneath,yesterday,roar,government,blow,border,character,plan,sets,teeth,which,but,section,spider,sister,distant,brother,soap,plane,why,flight,slow,pan,understanding,perhaps,fewer,cell
original,review,look,path,behavior,table,swung,union,main,lot,pig,clearly,attention,provide,allow,trip,drive,cost,control,married,shallow,satellites,copy,explore,unit,late,hurt,setting,anything
cut,sister,done,younger,most,production,listen,member,owner,somebody,earth,high,advice,family,directly,brain,because,vast,nose,atomic,graph,label,grain,airplane,rubber,should,open,cutting,tide
hat,bow,table,greatest,double,began,distance,date,useful,compound,broken,cry,pile,private,light,soil,his,memory,build,examine,round,mistake,chance,joy,also,sets,exist,daily,produce
call,for,near,thirty,star,edge,mysterious,locate,rubber,crack,mice,location,mountain,course,grain,offer,church,concerned,like,band,daughter,greater,putting,chemical,slope,hearing,select,quiet,swimming
sugar,middle,structure,element,send,rising,furniture,dream,basket,lead,brought,factory,fence,him,giving,constantly,somewhere,start,stream,my,remember,prove,five,outside,climate,troops,continent,mathematics,wagon
bank,broken,share,cutting,hold,able,actually,arrangement,cowboy,population,swing,future,time,depth,therefore,born,cry,fifteen,then,weight,flat,massage,driving,conversation,tales,composition,support,browserling,brought
correct,honor,hurt,yourself,chamber,combine,fur,express,bend,almost,recall,measure,when,nearby,widely,lack,division,complete,lucky,direct,horse,fully,ruler,total,sold,buffalo,system,sentence,further
chapter,solid,author,act,giving,mysterious,please,could,sad,lower,careful,should,beneath,worker,ability,dozen,case,folks,family,affect,vast,peace,table,sentence,per,shallow,mountain,rocky,count
coat,tower,finest,composed,shore,gray,journey,correctly,where,prepare,plane,sleep,common,cake,how,crowd,atmosphere,length,help,that,vegetable,flower,sound,compass,nearer,press,done,gate,hide
sharp,got,pink,fresh,motion,silence,height,closer,central,stronger,safe,especially,settle,here,block,cook,record,note,nearly,straight,lovely,sharp,rule,related,hello,write,element,spin,take
lose,why,fewer,studied,damage,doctor,improve,arrive,thank,foot,root,soap,me,solid,avoid,use,them,rays,positive,agree,proper,satisfied,ride,cookies,necessary,swam,specific,freedom,very
repeat,lead,sets,experience,independent,excited,forgotten,island,tool,within,saddle,applied,bare,child,image,mountain,enjoy,list,spread,cat,roll,memory,skin,arrive,army,worse,bridge,writer,visit
information,discovery,buffalo,check,strip,principal,carried,after,game,came,tax,caught,seeing,gravity,warn,floating,offer,wherever,later,dig,successful,attached,connected,nature,continent,brass,thousand,quietly,blind
valley,safe,birds,supply,speak,magnet,depth,appropriate,together,continued,sell,famous,river,no,quick,slightly,seeing,announced,split,hang,sense,spider,church,typical,young,better,silk,mother,birds
wealth,composition,tie,alike,stomach,turn,dear,terrible,airplane,magnet,avoid,action,court,fell,like,gravity,suddenly,date,youth,bill,only,organized,fairly,subject,level,everywhere,team,luck,news
customs,thought,detail,tape,screen,welcome,rain,bee,monkey,position,fear,above,push,taken,model,rise,happy,crack,score,zero,trunk,grandmother,mostly,foreign,rhythm,year,notice,mail,us
suddenly,fifteen,friend,eat,brush,play,row,goose,finest,bare,tank,tell,world,case,driver,hello,fur,possible,south,circus,closer,vowel,remove,supper,happen,arrangement,paper,struck,creature
announced,have,shinning,continent,tightly,lungs,package,city,positive,shot,manufacturing,political,therefore,tune,speech,caught,fireplace,baby,look,rear,busy,entirely,took,stage,any,partly,term,drop,dish
chamber,nodded,printed,nervous,smallest,television,desk,yard,putting,research,bet,mass,open,captured,rhyme,determine,grandfather,chart,eight,catch,serious,prevent,moon,did,national,we,listen,allow,range
golden,none,crop,thrown,eventually,writing,curve,fairly,oil,expression,ate,machinery,highway,other,process,worker,bite,beauty,spring,quarter,say,minute,hour,light,lot,remain,lot,search,dot
play,master,full,natural,definition,eat,toy,completely,room,upper,modern,heat,quickly,highway,party,horse,tobacco,prepare,strange,fellow,wild,arrange,ruler,heart,journey,library,establish,date,ahead
table,wide,sick,softly,castle,ate,built,pair,needle,white,special,universe,hill,vegetable,mile,again,prize,result,brought,seat,job,six,is,bottom,paper,there,time,jump,stood
dollar,event,per,lungs,trip,stand,reason,bad,tobacco,trail,cow,equator,length,bill,degree,dig,manufacturing,bend,equator,bad,skill,ball,further,friendly,wear,likely,fur,grabbed,dog
sold,command,story,production,atmosphere,tropical,scientist,person,instrument,globe,heard,fell,slave,nearly,generally,stay,government,friendly,crop,cutting,silent,production,led,weight,could,tea,tight,weigh,nearest
lake,satisfied,garage,purple,cattle,successful,sets,later,naturally,simplest,level,upon,alphabet,exclaimed,nobody,customs,dust,stood,table,atmosphere,duty,through,sign,rule,twice,quiet,tune,in,air
forget,mood,manner,whose,planning,problem,out,population,watch,round,path,size,dream,fellow,nest,die,youth,finger,force,swept,square,seen,act,against,next,rear,burst,composition,observe
ride,reach,cap,rising,was,wait,being,found,anybody,search,soap,certain,station,children,waste,best,press,image,voyage,rest,men,opinion,my,pull,upper,now,current,muscle,huge
from,led,seat,rough,factor,power,desert,straw,near,page,later,more,browserling,chosen,good,poet,sent,wrote,start,danger,father,noted,far,introduced,feed,sudden,donkey,believed,direct
weak,far,fresh,leaving,camera,doll,wore,cannot,sides,gray,doll,repeat,mean,when,equipment,learn,do,satellites,think,close,gradually,sport,deal,fence,something,suit,neighborhood,stream,raise
hill,them,movie,stared,scale,recognize,surprise,pupil,finest,song,thirty,missing,onlinetools,fastened,negative,youth,control,weak,fish,offer,paid,football,threw,closely,seen,area,quick,unless,hot
opinion,memory,blew,carried,correct,position,ruler,goose,nodded,camp,rope,basis,classroom,quarter,nor,additional,plates,go,lying,cattle,piano,mill,meal,both,club,paper,globe,greatest,nest
open,bell,find,late,weigh,feature,trip,distant,sheet,accept,lungs,discuss,place,effort,hit,complete,paper,bet,electricity,development,sure,search,military,voyage,tonight,met,came,hurt,president
queen,percent,plate,story,replied,wooden,air,living,create,forget,author,practice,carried,speed,crop,breath,family,anyway,hospital,hurried,furniture,care,fox,herd,missing,aid,length,bright,husband
inch,morning,say,occur,main,knife,hold,thing,factor,smooth,roar,basket,vast,higher,news,customs,young,total,room,newspaper,wash,experiment,addition,held,hand,blood,accurate,alike,government
catch,root,run,brain,equal,call,jar,exercise,seems,region,earlier,favorite,very,once,operation,volume,rough,floor,his,variety,frog,yellow,food,most,stairs,give,either,map,share
famous,after,sit,pleasant,common,notice,ordinary,deal,except,garden,uncle,no,full,soon,upper,forest,join,income,home,stomach,seldom,appearance,printed,high,then,given,tax,particles,about
middle,hide,sun,report,door,glass,represent,matter,everybody,breathe,she,silk,within,rule,team,statement,beneath,meat,policeman,chosen,grandmother,shown,great,born,imagine,care,walk,beauty,drawn
steady,using,available,example,hardly,upon,apple,speed,social,her,me,late,stand,metal,globe,live,along,stock,are,measure,pan,tent,double,atom,settle,just,made,independent,someone
drawn,want,evening,go,rocky,future,flower,sink,doubt,happen,principle,sport,attached,send,carefully,taste,substance,local,identity,tobacco,living,prepare,seeing,average,center,oldest,sleep,piece,coat
away,related,pleasant,cold,moon,arrangement,state,unknown,manufacturing,pine,wing,poem,girl,youth,famous,think,his,wear,met,mission,express,pain,muscle,most,purpose,announced,wherever,sad,height